{
  "mse": 121984.453125,
  "rmse": 349.26272793557575,
  "mae": 277.0290832519531,
  "r2": -0.0285799503326416,
  "directional_accuracy": 0.496996996996997
}